brand,model,vehicle_age,odometer_reading,fuel_type,transmission,segment_class,selling_price
maruti suzuki,ciaz,5.0,17958.0,petrol,manual,economy,829000.0
mahindra,xuv500,11.0,105537.0,diesel,manual,economy,810000.0
honda,brio,13.0,137017.0,petrol,manual,economy,280000.0
toyota,glanza,1.0,1142.0,petrol,automatic,economy,931000.0
hyundai,verna,11.0,63855.0,petrol,manual,economy,520000.0
hyundai,verna,11.0,158900.0,diesel,manual,economy,500000.0
hyundai,aura,6.0,48020.0,petrol,manual,economy,509000.0
skoda,kushaq,3.0,92500.0,petrol,manual,economy,982000.0
honda,jazz,4.0,55000.0,petrol,manual,economy,685000.0
maruti suzuki,alto 800,12.0,47000.0,petrol,manual,economy,241000.0
maruti suzuki,swift dzire,13.0,89996.0,petrol,manual,economy,305000.0
renault,kwid,8.0,62319.0,petrol,manual,economy,294790.0
kia,seltos,6.0,108814.0,diesel,manual,economy,725000.0
maruti suzuki,ertiga,5.0,46405.0,cng,manual,economy,980000.0
maruti suzuki,baleno,9.0,105676.0,petrol,automatic,economy,427412.0
maruti suzuki,swift,9.0,46243.0,petrol,manual,economy,470828.0
mahindra,kuv 100 nxt,8.0,31309.0,petrol,manual,economy,455000.0
skoda,fabia,15.0,78660.0,petrol,manual,economy,140000.0
ford,ecosport,12.0,123629.0,diesel,manual,economy,350000.0
maruti suzuki,ertiga,14.0,98272.0,diesel,manual,economy,520000.0
skoda,fabia,15.0,78660.0,petrol,manual,economy,140000.0
hyundai,venue,7.0,24555.0,petrol,automatic,economy,850000.0
mahindra,tuv300,9.0,128500.0,diesel,manual,economy,511000.0
maruti suzuki,ertiga,13.0,111307.0,petrol,manual,economy,500000.0
tata,tiago,4.0,20500.0,petrol,manual,economy,610000.0
volkswagen,polo,8.0,52566.0,petrol,manual,economy,591398.0
maruti suzuki,dzire,8.0,59845.0,petrol,manual,economy,600000.0
maruti suzuki,s cross,6.0,68275.0,petrol,automatic,economy,770000.0
hyundai,xcent,10.0,59639.0,petrol,manual,economy,450000.0
hyundai,i10,15.0,109545.0,petrol,automatic,economy,210000.0
mahindra,xuv500,5.0,77116.0,diesel,manual,economy,1237500.0
jeep,compass,7.0,49172.0,diesel,manual,economy,1310000.0
hyundai,creta,8.0,49000.0,petrol,manual,economy,867000.0
honda,brio,13.0,157909.0,petrol,manual,economy,240000.0
hyundai,i10,15.0,62392.0,petrol,manual,economy,200000.0
nissan,micra active,13.0,129826.0,petrol,manual,economy,220000.0
nissan,magnite,3.0,55742.0,petrol,manual,economy,704463.0
nissan,micra active,10.0,77000.0,petrol,manual,economy,332000.0
hyundai,creta,7.0,48174.0,petrol,manual,economy,925000.0
hyundai,creta,4.0,30094.0,petrol,manual,economy,1100000.0
maruti suzuki,brezza,2.0,18387.0,petrol,manual,economy,1057500.0
hyundai,exter,2.0,4028.0,petrol,manual,economy,700000.0
skoda,kushaq,5.0,45944.0,petrol,manual,economy,1004000.0
tata,altroz,4.0,56809.0,diesel,manual,economy,645000.0
ford,ecosport,12.0,102279.0,diesel,manual,economy,543000.0
maruti suzuki,wagon r,8.0,90709.0,petrol,manual,economy,375000.0
renault,duster,11.0,125755.0,diesel,manual,economy,344000.0
ford,ecosport,7.0,79102.0,petrol,manual,economy,725000.0
hyundai,i20 active,8.0,59788.0,petrol,manual,economy,660000.0
renault,kiger,5.0,32572.0,petrol,manual,economy,623000.0
maruti suzuki,swift dzire,11.0,63681.0,diesel,manual,economy,610000.0
renault,duster,14.0,157955.0,diesel,manual,economy,307000.0
maruti suzuki,alto 800,6.0,29000.0,petrol,manual,economy,327000.0
nissan,micra,12.0,99500.0,petrol,automatic,economy,311000.0
hyundai,venue,7.0,70291.0,petrol,automatic,economy,627200.0
maruti suzuki,swift,13.0,142331.0,diesel,manual,economy,395000.0
hyundai,new i20,2.0,23000.0,petrol,automatic,economy,946000.0
hyundai,new i20,2.0,9611.0,petrol,automatic,economy,825000.0
maruti suzuki,swift,2.0,25054.0,petrol,automatic,premium,736000.0
honda,city,11.0,28000.0,petrol,automatic,economy,579000.0
hyundai,eon,10.0,80000.0,petrol,manual,economy,231000.0
hyundai,accent,22.0,128458.0,petrol,manual,economy,110000.0
renault,lodgy,11.0,92595.0,diesel,manual,economy,470400.0
hyundai,santa fe,12.0,98572.0,diesel,automatic,economy,589000.0
kia,syros,1.0,8589.0,diesel,manual,economy,1230000.0
renault,fluence,14.0,195911.0,diesel,manual,economy,170000.0
tata,tiago,9.0,66469.0,petrol,manual,economy,386000.0
maruti suzuki,swift,15.0,130726.0,diesel,manual,economy,300000.0
hyundai,i20,16.0,47000.0,petrol,manual,economy,240000.0
hyundai,creta,9.0,72487.0,petrol,manual,economy,795000.0
maruti suzuki,celerio,11.0,23590.0,petrol,automatic,economy,350000.0
hyundai,verna,13.0,166298.0,petrol,automatic,economy,300000.0
maruti suzuki,swift,7.0,127614.0,petrol,manual,economy,550000.0
maruti suzuki,baleno,4.0,25677.0,petrol,manual,economy,775000.0
maruti suzuki,swift,5.0,24780.0,petrol,manual,economy,570000.0
maruti suzuki,wagon r duo,17.0,89428.0,petrol,manual,economy,150000.0
hyundai,i10,15.0,118395.0,petrol,manual,economy,221499.0
hyundai,i10,16.0,65726.0,petrol,manual,economy,201808.0
maruti suzuki,wagon r,14.0,71187.0,petrol,manual,economy,265000.0
hyundai,ioniq,3.0,30317.0,electric,automatic,economy,3100000.0
hyundai,grand i10,7.0,68190.0,petrol,manual,economy,426111.0
hyundai,grand i10,11.0,70883.0,petrol,automatic,economy,365400.0
tata,nexon,5.0,22514.0,petrol,manual,economy,774000.0
renault,kwid,4.0,45500.0,petrol,automatic,economy,456000.0
hyundai,i20,13.0,95426.0,petrol,manual,economy,290000.0
kia,carens,2.0,18974.0,petrol,manual,economy,1160000.0
hyundai,creta,4.0,45617.0,diesel,manual,economy,1500000.0
toyota,urban cruiser hyryder,4.0,110279.0,hybrid,automatic,economy,1425000.0
hyundai,i20,13.0,98054.0,diesel,manual,economy,379000.0
ford,figo,15.0,124794.0,diesel,manual,economy,137000.0
tata,nexon,4.0,18998.0,petrol,automatic,economy,880000.0
hyundai,grand i10,11.0,60718.0,petrol,manual,economy,379932.0
renault,kwid,9.0,62810.0,petrol,manual,economy,275000.0
honda,city,13.0,70018.0,petrol,manual,premium,300000.0
hyundai,santro,15.0,75626.0,petrol,manual,economy,200000.0
skoda,octavia,5.0,73572.0,petrol,automatic,economy,1819000.0
maruti suzuki,alto 800,13.0,37799.0,petrol,manual,economy,260000.0
hyundai,elite i20,9.0,91476.0,petrol,manual,economy,550000.0
maruti suzuki,ciaz,10.0,110242.0,diesel,manual,economy,475000.0
jeep,compass,7.0,49172.0,diesel,manual,economy,1310000.0
maruti suzuki,alto k10,10.0,35265.0,petrol,manual,economy,300000.0
ford,figo,14.0,91000.0,diesel,manual,economy,189000.0
maruti suzuki,celerio,10.0,62165.0,petrol,manual,economy,310000.0
nissan,terrano,12.0,83912.0,diesel,manual,economy,413484.0
tata,punch,4.0,15484.0,petrol,manual,economy,514000.0
maruti suzuki,swift,10.0,76433.0,petrol,manual,economy,435000.0
hyundai,elite i20,8.0,59192.0,petrol,manual,economy,569000.0
mahindra,xuv500,11.0,62607.0,diesel,manual,economy,770000.0
mahindra,verito,15.0,63921.0,diesel,manual,economy,195000.0
renault,kwid,4.0,10758.0,petrol,automatic,economy,421400.0
ford,freestyle,5.0,29000.0,petrol,manual,economy,616000.0
renault,kwid,9.0,56496.0,petrol,automatic,economy,276900.0
maruti suzuki,swift,9.0,95272.0,petrol,manual,economy,480510.0
mahindra,thar,2.0,16845.0,petrol,automatic,economy,1378000.0
volkswagen,virtus,4.0,55500.0,petrol,manual,economy,1021000.0
ford,figo,15.0,73500.0,petrol,manual,economy,202000.0
chevrolet,sail uva,12.0,266197.0,diesel,manual,economy,150000.0
hyundai,verna,14.0,170381.0,diesel,manual,economy,378000.0
hyundai,i20,13.0,45198.0,petrol,manual,economy,360000.0
mahindra,xuv500,12.0,95566.0,diesel,manual,economy,600000.0
mahindra,xuv300,6.0,64000.0,petrol,manual,economy,800000.0
maruti suzuki,swift,14.0,215821.0,diesel,manual,economy,275000.0
hyundai,verna,14.0,92935.0,petrol,manual,economy,338000.0
hyundai,verna,13.0,118000.0,diesel,manual,economy,436000.0
hyundai,creta,10.0,56504.0,petrol,manual,economy,750000.0
kia,seltos,6.0,71000.0,diesel,automatic,economy,1201000.0
maruti suzuki,alto k10,10.0,34300.0,petrol,automatic,economy,333398.0
mahindra,xuv300,6.0,68252.0,petrol,manual,economy,700000.0
hyundai,verna,11.0,63855.0,petrol,manual,economy,520000.0
renault,kwid,6.0,52498.0,petrol,automatic,economy,350000.0
land rover,discovery 4,14.0,201079.0,diesel,automatic,luxury,1110000.0
ford,ecosport,7.0,54116.0,petrol,manual,economy,617085.0
volkswagen,polo,12.0,71885.0,petrol,manual,economy,334000.0
ford,figo,14.0,68422.0,diesel,manual,economy,174000.0
tata,tiago,6.0,62785.0,petrol,automatic,economy,507301.0
skoda,rapid,8.0,68818.0,diesel,automatic,economy,650000.0
maruti suzuki,ciaz,5.0,52000.0,petrol,automatic,economy,830000.0
maruti suzuki,s presso,1.0,957.0,petrol,manual,economy,442142.0
kia,seltos,4.0,22925.0,petrol,manual,economy,1152000.0
skoda,rapid,13.0,136218.0,petrol,manual,economy,222000.0
hyundai,i10,13.0,42889.0,petrol,manual,economy,241000.0
honda,brio,11.0,53226.0,petrol,manual,economy,331128.0
mahindra,xuv500,9.0,76221.0,diesel,automatic,economy,850000.0
maruti suzuki,alto k10,12.0,77637.0,petrol,automatic,economy,219300.0
hyundai,verna,4.0,32500.0,petrol,manual,economy,1157000.0
ford,fiesta,14.0,106118.0,diesel,manual,economy,179000.0
hyundai,exter,2.0,4028.0,petrol,manual,economy,700000.0
maruti suzuki,swift,7.0,91023.0,petrol,automatic,economy,685000.0
honda,city,10.0,59619.0,petrol,manual,economy,580000.0
hyundai,elite i20,12.0,55612.0,diesel,manual,economy,490000.0
tata,nexon ev,5.0,65325.0,electric,automatic,economy,910000.0
hyundai,creta,6.0,134586.0,diesel,automatic,economy,958400.0
hyundai,i10,15.0,116500.0,petrol,automatic,economy,180000.0
tata,bolt,11.0,85243.0,petrol,manual,economy,248243.0
maruti suzuki,swift,13.0,83675.0,petrol,manual,economy,359851.0
maruti suzuki,baleno,9.0,74141.0,petrol,manual,economy,517602.0
volkswagen,polo,11.0,124500.0,petrol,manual,economy,433000.0
hyundai,creta,5.0,70000.0,petrol,automatic,economy,1174000.0
maruti suzuki,grand vitara,3.0,107462.0,hybrid,automatic,economy,1469100.0
kia,sonet,2.0,43674.0,diesel,manual,premium,1130000.0
tata,safari,5.0,64094.0,diesel,manual,economy,1500000.0
honda,city,10.0,97468.0,petrol,manual,economy,419000.0
mahindra,xuv300,6.0,66559.0,diesel,automatic,economy,900000.0
kia,sonet,6.0,91000.0,diesel,automatic,economy,850000.0
tata,tiago,7.0,39736.0,petrol,manual,economy,355000.0
skoda,superb,13.0,88569.0,petrol,automatic,economy,569200.0
volkswagen,polo,8.0,81991.0,diesel,manual,economy,650000.0
maruti suzuki,baleno,8.0,26500.0,petrol,automatic,economy,629000.0
honda,city,5.0,39500.0,petrol,manual,economy,1031000.0
nissan,sunny,13.0,127568.0,petrol,manual,economy,278000.0
renault,kwid,1.0,26777.0,petrol,automatic,economy,390000.0
hyundai,verna,13.0,61000.0,petrol,automatic,economy,446000.0
hyundai,i20,13.0,98054.0,diesel,manual,economy,379000.0
hyundai,venue,6.0,59737.0,petrol,manual,economy,770000.0
hyundai,eon,10.0,22500.0,petrol,manual,economy,317000.0
bmw,3 series,13.0,107050.0,diesel,automatic,luxury,815000.0
maruti suzuki,swift,5.0,53154.0,petrol,manual,economy,535000.0
renault,triber,6.0,47500.0,petrol,automatic,economy,523000.0
honda,city,12.0,48256.0,petrol,manual,economy,534000.0
tata,aria,15.0,95925.0,diesel,manual,economy,350000.0
honda,wr-v,8.0,61857.0,petrol,manual,economy,480000.0
ford,ecosport,13.0,164555.0,diesel,manual,economy,400000.0
hyundai,elite i20,10.0,39006.0,petrol,manual,economy,550000.0
mahindra,xuv700,4.0,81339.0,diesel,automatic,economy,1600000.0
mahindra,xuv500,7.0,44946.0,diesel,automatic,economy,1450000.0
tata,tiago,6.0,70041.0,petrol,manual,economy,550000.0
maruti suzuki,vitara brezza,9.0,196259.0,diesel,manual,economy,756000.0
volkswagen,vento,10.0,122224.0,diesel,automatic,economy,535000.0
maruti suzuki,celerio x,6.0,27099.0,petrol,automatic,economy,520000.0
hyundai,creta,9.0,76135.0,diesel,manual,economy,731719.0
maruti suzuki,swift,3.0,15203.0,petrol,automatic,economy,860000.0
ford,figo aspire,9.0,19500.0,petrol,manual,economy,380000.0
hyundai,grand i10 nios,4.0,22715.0,petrol,manual,economy,507000.0
skoda,fabia,15.0,97395.0,petrol,manual,economy,124500.0
volkswagen,vento,5.0,19500.0,petrol,manual,economy,814000.0
tata,tigor,9.0,79076.0,petrol,manual,economy,400000.0
mahindra,xuv500,10.0,66500.0,diesel,automatic,economy,1001000.0
volkswagen,polo,12.0,122000.0,petrol,manual,economy,412000.0
volkswagen,taigun,5.0,18000.0,petrol,manual,economy,1167000.0
mg,hector,5.0,35325.0,petrol,automatic,economy,1000000.0
honda,amaze,13.0,94392.0,petrol,manual,economy,295000.0
ford,ecosport,8.0,94000.0,diesel,manual,economy,657000.0
maruti suzuki,a star,14.0,115181.0,petrol,manual,economy,175000.0
renault,duster,10.0,113328.0,diesel,manual,economy,489683.0
maruti suzuki,baleno,8.0,35426.0,petrol,automatic,economy,553300.0
hyundai,eon,12.0,57877.0,petrol,manual,economy,178000.0
hyundai,creta,8.0,99270.0,diesel,manual,economy,749999.0
honda,amaze,3.0,20639.0,petrol,automatic,economy,845000.0
hyundai,creta,8.0,86720.0,petrol,automatic,economy,750000.0
honda,city,11.0,40855.0,petrol,automatic,economy,575000.0
kia,seltos,7.0,33813.0,petrol,automatic,economy,1180000.0
maruti suzuki,baleno,10.0,113265.0,petrol,manual,economy,514000.0
hyundai,i20 active,10.0,89943.0,petrol,manual,economy,495000.0
skoda,superb,14.0,75502.0,petrol,automatic,economy,646300.0
maruti suzuki,wagon r 1.0,10.0,60763.0,petrol,automatic,economy,270200.0
volkswagen,vento,6.0,92609.0,petrol,automatic,economy,699000.0
honda,city,14.0,58122.0,petrol,automatic,economy,360000.0
maruti suzuki,swift,3.0,35655.0,petrol,manual,economy,692000.0
maruti suzuki,swift,4.0,22164.0,petrol,automatic,economy,661200.0
maruti suzuki,s cross,8.0,131977.0,diesel,manual,economy,705000.0
tata,nexon,8.0,46500.0,petrol,automatic,economy,612000.0
hyundai,venue,3.0,19100.0,petrol,automatic,economy,1075000.0
maruti suzuki,swift,13.0,71826.0,diesel,manual,economy,400000.0
honda,amaze,2.0,1341.0,petrol,automatic,economy,952000.0
mahindra,thar,2.0,9000.0,petrol,automatic,economy,1590000.0
hyundai,i20,15.0,39378.0,petrol,manual,economy,240000.0
mahindra,thar,2.0,3500.0,petrol,automatic,economy,1562000.0
mg,hector,7.0,31631.0,petrol,automatic,economy,1160000.0
hyundai,venue,4.0,37600.0,diesel,manual,economy,1015000.0
ford,new figo,7.0,71359.0,petrol,manual,economy,422900.0
maruti suzuki,alto k10,13.0,92367.0,petrol,manual,economy,183000.0
mahindra,tuv300,9.0,70429.0,diesel,manual,economy,600000.0
hyundai,santro xing,22.0,43400.0,petrol,manual,economy,137000.0
renault,triber,6.0,57366.0,petrol,automatic,economy,495915.0
hyundai,new santro,7.0,59224.0,petrol,automatic,economy,360000.0
maruti suzuki,ertiga,11.0,51063.0,petrol,manual,economy,482600.0
renault,kwid,10.0,30000.0,petrol,manual,economy,284000.0
renault,kiger,5.0,32572.0,petrol,manual,economy,623000.0
maruti suzuki,wagon r duo,20.0,142241.0,petrol,manual,economy,117127.0
mahindra,xuv500,10.0,44500.0,diesel,manual,economy,836000.0
hyundai,new elantra,14.0,89409.0,diesel,automatic,economy,267000.0
kia,carens,2.0,38938.0,petrol,manual,economy,1200000.0
hyundai,grand i10,9.0,56940.0,petrol,manual,economy,419000.0
kia,sonet,5.0,77500.0,diesel,automatic,economy,974000.0
tata,zest,11.0,127285.0,petrol,manual,economy,289000.0
maruti suzuki,ertiga,8.0,71000.0,diesel,manual,economy,932000.0
mahindra,scorpio n,3.0,46500.0,diesel,automatic,economy,1903000.0
chevrolet,beat,15.0,93997.0,diesel,manual,economy,65000.0
maruti suzuki,brezza,2.0,18387.0,petrol,manual,economy,1057500.0
renault,kwid,5.0,19215.0,petrol,automatic,economy,396130.0
hyundai,i20,15.0,98088.0,petrol,manual,economy,256000.0
maruti suzuki,swift dzire,18.0,89619.0,petrol,manual,economy,191000.0
honda,city zx,20.0,107076.0,petrol,manual,economy,100000.0
hyundai,verna,1.0,15000.0,petrol,manual,economy,1359000.0
hyundai,venue,6.0,66206.0,petrol,automatic,economy,760000.0
ford,figo,13.0,62500.0,petrol,manual,economy,252000.0
honda,brio,11.0,59858.0,petrol,manual,premium,270079.0
tata,punch,2.0,65438.0,petrol,automatic,economy,970000.0
tata,curvv,1.0,7000.0,diesel,manual,economy,1743000.0
renault,triber,5.0,51164.0,petrol,manual,economy,580000.0
ford,endeavour,16.0,119172.0,diesel,manual,economy,535000.0
hyundai,eon,12.0,36000.0,petrol,manual,economy,251000.0
maruti suzuki,alto k10,7.0,43863.0,petrol,automatic,economy,340949.0
toyota,glanza,4.0,35702.0,petrol,manual,economy,816000.0
hyundai,verna,14.0,55642.0,petrol,manual,economy,429000.0
hyundai,creta,10.0,94315.0,petrol,manual,economy,660000.0
tata,zest,11.0,64888.0,diesel,manual,economy,291000.0
ford,ecosport,10.0,63000.0,diesel,manual,economy,481000.0
hyundai,verna,13.0,81462.0,petrol,automatic,economy,318500.0
maruti suzuki,dzire,8.0,27353.0,petrol,manual,economy,560000.0
maruti suzuki,baleno,9.0,75424.0,diesel,manual,economy,484900.0
maruti suzuki,ertiga,10.0,78396.0,petrol,manual,economy,659000.0
hyundai,grand i10,7.0,19693.0,petrol,manual,economy,524172.0
ford,figo,14.0,109500.0,diesel,manual,economy,236000.0
hyundai,verna,8.0,100800.0,petrol,manual,economy,648000.0
hyundai,xcent,12.0,38736.0,petrol,manual,economy,404000.0
honda,city,4.0,39000.0,petrol,automatic,economy,1195000.0
renault,kwid,10.0,29500.0,petrol,manual,economy,315000.0
maruti suzuki,baleno,6.0,52646.0,petrol,manual,economy,640000.0
tata,hexa,8.0,170542.0,diesel,manual,economy,565558.0
hyundai,i10,13.0,25461.0,petrol,manual,economy,300000.0
maruti suzuki,celerio,11.0,28006.0,petrol,automatic,economy,286781.0
maruti suzuki,baleno,10.0,41146.0,petrol,manual,economy,445000.0
hyundai,venue,6.0,39209.0,petrol,automatic,economy,700500.0
hyundai,venue,5.0,40698.0,petrol,manual,economy,800000.0
tata,tiago,9.0,113500.0,diesel,manual,economy,411000.0
jeep,compass,8.0,145797.0,diesel,manual,economy,640000.0
maruti suzuki,alto 800,14.0,31786.0,petrol,manual,economy,225728.0
toyota,corolla altis,16.0,85699.0,petrol,manual,economy,210000.0
hyundai,i10,11.0,38301.0,petrol,manual,economy,390000.0
maruti suzuki,swift,6.0,38532.0,petrol,manual,economy,640000.0
skoda,rapid,11.0,75393.0,diesel,manual,economy,356000.0
honda,city,8.0,59248.0,petrol,manual,economy,577400.0
hyundai,grand i10,9.0,22500.0,petrol,automatic,economy,527000.0
honda,city,10.0,182010.0,petrol,manual,economy,567000.0
renault,kwid,6.0,16345.0,petrol,automatic,economy,331200.0
hyundai,i20,14.0,73326.0,petrol,manual,economy,349000.0
honda,jazz,7.0,95475.0,petrol,automatic,economy,600000.0
audi,a6,16.0,167481.0,diesel,automatic,luxury,488000.0
hyundai,verna,5.0,30297.0,petrol,automatic,economy,907900.0
kia,seltos,4.0,22925.0,petrol,manual,economy,1152000.0
hyundai,creta,7.0,68684.0,petrol,manual,economy,871000.0
tata,nexon,3.0,52954.0,petrol,automatic,economy,1116000.0
maruti suzuki,swift,6.0,42000.0,petrol,automatic,economy,568000.0
skoda,rapid,8.0,68818.0,diesel,automatic,economy,650000.0
maruti suzuki,baleno,8.0,32476.0,petrol,automatic,economy,540000.0
hyundai,elite i20,10.0,67950.0,petrol,manual,economy,480000.0
hyundai,i10,12.0,49539.0,petrol,manual,economy,320000.0
ford,ecosport,10.0,73689.0,petrol,manual,economy,365000.0
renault,kiger,5.0,37833.0,petrol,manual,economy,443508.0
tata,nexon,4.0,74824.0,diesel,manual,economy,720000.0
mahindra,thar,5.0,21859.0,petrol,automatic,economy,1319000.0
maruti suzuki,swift,15.0,169525.0,diesel,manual,economy,300000.0
maruti suzuki,dzire,8.0,24626.0,petrol,automatic,economy,590000.0
hyundai,alcazar,5.0,43802.0,petrol,automatic,economy,1260000.0
hyundai,grand i10,12.0,102874.0,petrol,manual,economy,320000.0
hyundai,venue,2.0,77395.0,petrol,manual,economy,850000.0
hyundai,elite i20,9.0,112969.0,petrol,manual,economy,475000.0
hyundai,i10,15.0,41168.0,petrol,manual,economy,265000.0
fiat,avventura,11.0,68691.0,diesel,manual,economy,356000.0
renault,kiger,2.0,18913.0,petrol,manual,economy,702000.0
hyundai,new santro,8.0,108736.0,petrol,manual,economy,398000.0
honda,city,7.0,148849.0,petrol,manual,economy,508678.0
ford,figo,12.0,127897.0,diesel,manual,economy,190000.0
kia,sonet,3.0,88942.0,diesel,manual,economy,706700.0
audi,a6,7.0,45500.0,diesel,automatic,economy,2290000.0
kia,carens,4.0,115064.0,diesel,manual,economy,986900.0
skoda,superb,14.0,120824.0,diesel,manual,economy,450000.0
maruti suzuki,celerio x,8.0,49659.0,petrol,automatic,economy,376954.0
maruti suzuki,vitara brezza,7.0,110500.0,diesel,automatic,economy,717000.0
mahindra,marazzo,3.0,29189.0,diesel,manual,economy,1100000.0
maruti suzuki,dzire,6.0,40154.0,petrol,manual,economy,626000.0
maruti suzuki,s-cross,10.0,110000.0,diesel,manual,economy,575000.0
mahindra,xuv500,11.0,162371.0,diesel,manual,economy,800000.0
ford,ecosport,11.0,62000.0,petrol,automatic,economy,467000.0
mahindra,xuv 300,6.0,103000.0,petrol,manual,economy,724000.0
ford,ikon,23.0,98640.0,petrol,manual,economy,109000.0
nissan,terrano,12.0,123413.0,diesel,manual,economy,425000.0
hyundai,grand i10 nios,4.0,43703.0,petrol,manual,economy,600000.0
hyundai,elite i20,9.0,112457.0,petrol,manual,economy,419600.0
mahindra,xuv700,3.0,72983.0,diesel,manual,economy,1350000.0
mahindra,tuv300,10.0,76127.0,diesel,manual,economy,557000.0
tata,nexon,2.0,18612.0,petrol,automatic,economy,1389000.0
kia,seltos,5.0,75503.0,petrol,manual,economy,1044000.0
chevrolet,beat,13.0,132690.0,petrol,manual,economy,150000.0
kia,syros,1.0,9684.0,petrol,automatic,economy,1243700.0
mg,astor,1.0,11724.0,petrol,manual,economy,1345000.0
toyota,camry,19.0,39783.0,petrol,automatic,economy,745000.0
renault,kwid,8.0,52210.0,petrol,automatic,economy,343000.0
maruti suzuki,baleno,6.0,52646.0,petrol,manual,economy,620000.0
honda,city,5.0,59600.0,petrol,automatic,economy,995000.0
hyundai,i20 active,10.0,73127.0,petrol,manual,economy,403670.0
maruti suzuki,celerio,9.0,111051.0,petrol,automatic,economy,350000.0
ford,fiesta classic,15.0,110102.0,petrol,manual,economy,148000.0
honda,city,13.0,113970.0,petrol,manual,economy,350000.0
hyundai,verna,11.0,158900.0,diesel,manual,economy,500000.0
renault,duster,6.0,56880.0,petrol,manual,economy,687300.0
renault,kwid,8.0,44000.0,petrol,manual,economy,296000.0
maruti suzuki,alto k10,12.0,151286.0,petrol,automatic,economy,271000.0
kia,seltos,4.0,97826.0,petrol,manual,economy,970000.0
hyundai,elite i20,8.0,89392.0,diesel,manual,economy,519000.0
maruti suzuki,alto,4.0,6972.0,petrol,manual,economy,343333.0
audi,a6,7.0,45500.0,diesel,automatic,luxury,2290000.0
honda,amaze,12.0,66277.0,petrol,manual,economy,395000.0
hyundai,elite i20,10.0,73712.0,petrol,manual,economy,424900.0
honda,city,13.0,85250.0,petrol,manual,economy,380652.0
tata,nexon,6.0,55000.0,petrol,automatic,economy,737000.0
hyundai,i10,16.0,65726.0,petrol,manual,economy,201808.0
renault,kwid,6.0,48759.0,petrol,automatic,economy,410000.0
honda,city,10.0,85899.0,petrol,automatic,economy,671000.0
mahindra,xuv700,2.0,13000.0,diesel,automatic,economy,2400000.0
renault,duster,11.0,42773.0,petrol,manual,economy,480000.0
jeep,compass,4.0,27612.0,petrol,automatic,economy,1893000.0
maruti suzuki,new wagon-r,5.0,134558.0,cng,manual,economy,379999.0
chevrolet,beat,11.0,49068.0,petrol,manual,economy,274799.0
honda,city,13.0,78000.0,petrol,manual,economy,318000.0
mahindra,xuv500,8.0,47500.0,diesel,automatic,economy,1188000.0
citroen,c3 aircross,2.0,27757.0,petrol,automatic,economy,1250000.0
volvo,xc 90,12.0,143304.0,diesel,automatic,luxury,952000.0
maruti suzuki,ciaz,10.0,37353.0,petrol,manual,premium,500000.0
maruti suzuki,baleno,7.0,61987.0,diesel,manual,economy,488000.0
ford,figo,11.0,78872.0,petrol,manual,economy,270000.0
hyundai,santro xing,21.0,85983.0,petrol,manual,economy,120000.0
ford,figo,9.0,122000.0,petrol,manual,economy,368000.0
hyundai,new i20,3.0,57669.0,petrol,manual,economy,800000.0
maruti suzuki,dzire,7.0,59950.0,petrol,manual,economy,619000.0
ford,ecosport,8.0,28886.0,petrol,automatic,economy,707000.0
hyundai,creta,8.0,43500.0,petrol,automatic,economy,953000.0
kia,carens,4.0,44000.0,petrol,manual,economy,1293000.0
maruti suzuki,dzire,8.0,87095.0,petrol,manual,economy,568000.0
hyundai,eon,15.0,65000.0,petrol,manual,economy,197000.0
hyundai,new elantra,13.0,74341.0,petrol,automatic,economy,270000.0
volkswagen,taigun,4.0,31000.0,petrol,manual,economy,1088000.0
mahindra,xuv300,5.0,18977.0,petrol,automatic,economy,790000.0
honda,brio,12.0,85540.0,petrol,manual,economy,251421.0
renault,kiger,5.0,27045.0,petrol,manual,economy,571000.0
mahindra,xuv500,12.0,76934.0,diesel,manual,economy,614000.0
hyundai,creta,10.0,56504.0,petrol,manual,economy,750000.0
hyundai,grand i10,8.0,66343.0,petrol,manual,economy,460000.0
tata,altroz,4.0,15826.0,petrol,automatic,economy,650000.0
hyundai,creta,4.0,35481.0,petrol,automatic,economy,1500000.0
nissan,micra,12.0,99500.0,petrol,automatic,economy,310000.0
maruti suzuki,alto,14.0,46500.0,petrol,manual,economy,188000.0
maruti suzuki,ignis,8.0,56864.0,petrol,automatic,economy,480000.0
kia,seltos,7.0,38320.0,petrol,automatic,economy,960000.0
mahindra,xuv300,6.0,64000.0,petrol,manual,economy,800000.0
volkswagen,polo,9.0,51734.0,petrol,manual,economy,453000.0
tata,nano,12.0,105000.0,petrol,manual,economy,147000.0
toyota,urban cruiser hyryder,3.0,63492.0,petrol,automatic,economy,1500000.0
maruti suzuki,swift dzire,13.0,53427.0,diesel,manual,economy,500000.0
toyota,innova crysta,9.0,204574.0,diesel,manual,economy,1250000.0
ford,classic,13.0,99421.0,diesel,manual,premium,264947.0
honda,city,12.0,63846.0,petrol,manual,economy,549000.0
hyundai,i10,15.0,154000.0,petrol,manual,economy,145000.0
renault,kwid,4.0,10000.0,petrol,manual,economy,414000.0
kia,seltos,4.0,23879.0,petrol,automatic,economy,1590000.0
maruti suzuki,eeco,7.0,41025.0,petrol,manual,economy,422000.0
hyundai,new i20,3.0,57669.0,petrol,manual,economy,800000.0
renault,kwid,3.0,6950.0,petrol,manual,economy,400000.0
maruti suzuki,swift,8.0,141530.0,diesel,automatic,economy,500000.0
mahindra,bolero neo,3.0,38892.0,diesel,manual,economy,960000.0
mahindra,kuv100 nxt,8.0,64000.0,diesel,manual,economy,440000.0
maruti suzuki,s presso,5.0,36645.0,petrol,automatic,economy,386100.0
maruti suzuki,baleno,9.0,75424.0,diesel,manual,economy,484900.0
maruti suzuki,swift,9.0,75990.0,petrol,manual,economy,530000.0
hyundai,santro xing,20.0,117969.0,petrol,manual,economy,119000.0
volkswagen,taigun,4.0,136897.0,petrol,manual,economy,739600.0
renault,duster,8.0,133919.0,diesel,automatic,economy,657514.0
hyundai,verna,2.0,9500.0,petrol,automatic,economy,1515000.0
renault,triber,6.0,14000.0,petrol,automatic,economy,600000.0
honda,city,11.0,69656.0,petrol,automatic,economy,550000.0
nissan,magnite,5.0,87000.0,petrol,automatic,economy,613000.0
tata,tiago,7.0,26476.0,petrol,automatic,economy,424500.0
honda,amaze,7.0,32191.0,petrol,manual,economy,542873.0
tata,tiago,7.0,52754.0,petrol,automatic,economy,416400.0
maruti suzuki,wagon r 1.0,10.0,63258.0,petrol,manual,economy,326358.0
toyota,camry,20.0,80130.0,petrol,manual,economy,246000.0
renault,triber,3.0,17635.0,petrol,manual,economy,535992.0
mg,astor,4.0,24111.0,petrol,automatic,economy,1200000.0
nissan,micra,9.0,10558.0,petrol,automatic,economy,462326.0
hyundai,venue,4.0,24238.0,petrol,automatic,economy,877000.0
ford,figo,13.0,128407.0,diesel,manual,economy,160000.0
hyundai,creta,4.0,43109.0,petrol,manual,economy,1190000.0
mg,hector,7.0,41910.0,petrol,automatic,economy,897000.0
hyundai,creta,6.0,73857.0,petrol,automatic,economy,1120000.0
skoda,slavia,3.0,7317.0,petrol,manual,economy,1400000.0
hyundai,creta,4.0,31500.0,petrol,manual,economy,1277000.0
mg,hector,7.0,34989.0,petrol,automatic,economy,1194000.0
hyundai,new i20,5.0,36683.0,petrol,manual,economy,698000.0
maruti suzuki,brezza,6.0,59173.0,petrol,manual,economy,750000.0
hyundai,elite i20,8.0,55931.0,petrol,automatic,economy,645000.0
maruti suzuki,baleno,9.0,75424.0,diesel,manual,economy,484900.0
ford,figo aspire,10.0,42899.0,petrol,manual,economy,408811.0
renault,kiger,4.0,22057.0,petrol,automatic,economy,880000.0
tata,tiago,8.0,74489.0,petrol,manual,economy,349900.0
hyundai,elite i20,8.0,35495.0,petrol,automatic,economy,565000.0
maruti suzuki,celerio,2.0,7454.0,petrol,manual,economy,650000.0
chevrolet,beat,15.0,93997.0,diesel,manual,economy,65000.0
maruti suzuki,swift,2.0,48036.0,petrol,automatic,economy,690000.0
honda,city,5.0,48508.0,petrol,manual,economy,770000.0
maruti suzuki,alto k10,3.0,17000.0,petrol,automatic,economy,436000.0
hyundai,elite i20,8.0,89392.0,diesel,manual,economy,508700.0
toyota,urban cruiser hyryder,1.0,16099.0,petrol,manual,economy,1098000.0
hyundai,i20,3.0,38500.0,petrol,automatic,economy,935000.0
mg,hector,7.0,82234.0,petrol,automatic,economy,883600.0
hyundai,i20,12.0,57382.0,petrol,manual,economy,425000.0
maruti suzuki,vitara brezza,6.0,37921.0,petrol,automatic,economy,782100.0
mahindra,xuv500,10.0,124193.0,diesel,manual,economy,779346.0
renault,duster,8.0,67014.0,diesel,manual,economy,650000.0
maruti suzuki,alto 800,12.0,98877.0,petrol,manual,economy,160000.0
maruti suzuki,swift,4.0,29500.0,petrol,automatic,economy,537000.0
tata,tiago,10.0,64168.0,petrol,manual,economy,286180.0
tata,nano,11.0,39500.0,petrol,manual,economy,151000.0
hyundai,alcazar,3.0,71625.0,diesel,automatic,economy,1561613.0
maruti suzuki,baleno,8.0,38922.0,petrol,manual,economy,523000.0
maruti suzuki,celerio,7.0,29006.0,petrol,automatic,economy,385000.0
mahindra,scorpio classic,2.0,8348.0,diesel,manual,economy,1520000.0
volkswagen,taigun,3.0,181626.0,petrol,manual,economy,900000.0
maruti suzuki,swift,17.0,105590.0,petrol,manual,economy,194000.0
hyundai,i20,3.0,22861.0,petrol,manual,economy,720000.0
honda,jazz,10.0,119743.0,petrol,manual,economy,367000.0
maruti suzuki,wagon r 1.0,8.0,89022.0,petrol,automatic,economy,359176.0
maruti suzuki,swift,6.0,43006.0,petrol,automatic,economy,600000.0
mahindra,xuv300,5.0,110613.0,petrol,manual,economy,601000.0
ford,figo,14.0,138000.0,diesel,manual,economy,201000.0
hyundai,grand i10,11.0,46500.0,petrol,manual,economy,422000.0
tata,nexon ev,4.0,92300.0,electric,automatic,economy,934000.0
audi,a4,12.0,82996.0,diesel,automatic,luxury,977000.0
honda,city,11.0,69656.0,petrol,automatic,economy,550000.0
hyundai,i20,13.0,66010.0,petrol,manual,economy,288246.0
tata,hexa,8.0,81611.0,diesel,automatic,economy,600000.0
hyundai,venue,1.0,15806.0,petrol,manual,economy,985000.0
hyundai,i10,12.0,112345.0,petrol,manual,economy,177000.0
honda,amaze,7.0,71337.0,petrol,manual,economy,525000.0
hyundai,i10,14.0,65000.0,petrol,manual,economy,265000.0
tata,altroz,4.0,41000.0,diesel,manual,economy,744000.0
mahindra,kuv100,10.0,113552.0,petrol,manual,economy,300000.0
tata,harrier,3.0,34902.0,diesel,manual,economy,1750000.0
mahindra,xuv500,8.0,69561.0,diesel,manual,economy,1109000.0
mahindra,xuv300,4.0,37608.0,petrol,manual,economy,830000.0
